,Model,F1-macro,F1-macro_std,F1-weighted,Accuracy,Precision-macro,Recall-macro,Train_F1-macro,Overfit_gap,Time_s,note
1,LightGBM 300 | RoBERTa,0.7965558119858202,0.007073270758073361,0.8450338016991028,0.8458550636782844,0.8027585648640164,0.7916063797972501,1.0,0.20344418801417985,123.13817024230957,
2,"MLP (256,128) | SBERT",0.7955878897501286,0.015064853313801939,0.8440406183362107,0.8460641581914203,0.8102332483312628,0.7828987450488787,0.9770595818953609,0.1814716921452323,11.26468014717102,
3,LightGBM 100 | RoBERTa,0.7937576210621111,0.009810624176785184,0.8424912926921401,0.8425024681718396,0.7945071665622444,0.7941317032243624,0.99964427901274,0.20588665795062888,42.41673159599304,
4,LightGBM 300 | SBERT,0.7899940199134741,0.005082382661204366,0.8397326611025884,0.8426081136138759,0.8110763147727884,0.7726436944744661,1.0,0.21000598008652593,132.71184659004211,
5,XGBoost 300 | RoBERTa,0.7871185542533247,0.010216520184527221,0.8398081156461101,0.8438643828801672,0.8172259831631676,0.764238510456508,1.0,0.21288144574667534,221.94503259658813,
6,XGBoost 100 | RoBERTa,0.7851021848172305,0.0057056696990776465,0.8380383966306448,0.8423973718225376,0.8181434982061345,0.760510303593903,0.9989476363176036,0.21384545150037315,78.5229434967041,
7,"MLP (256,128) | RoBERTa",0.7842487163615224,0.011475344846788119,0.8383089470900849,0.8405118971922694,0.7997373628277712,0.7727485915234523,0.9023910091561561,0.11814229279463373,9.695202112197876,
8,LightGBM 100 | FinBERT,0.7824995465389336,0.005533723436912001,0.8340386969641042,0.834014208323587,0.7822764327898677,0.7829574012665342,0.9989694231822093,0.21646987664327566,42.32434582710266,
9,LightGBM 300 | FinBERT,0.7817658961024825,0.008529275660056576,0.8334941922665289,0.8346434685968374,0.7885924789841635,0.7756821451038067,1.0,0.21823410389751752,126.61721348762512,
10,LightGBM 100 | SBERT,0.7815490838917801,0.003934444671357187,0.8327836799465402,0.8346432489597438,0.7934106407854447,0.7712030058545418,0.9994461523923779,0.21789706850059776,45.54766011238098,
11,"MLP (256,128) | FinBERT",0.7746833180468322,0.011020661390927984,0.8298562901274638,0.8322338300426205,0.7917158749651226,0.7635719197941853,0.9506433408358681,0.17596002278903589,14.021528482437134,
12,XGBoost 300 | FinBERT,0.7737194381068954,0.011109379945015844,0.8302002346124004,0.8350617674416559,0.8068195867894209,0.7490940718550302,1.0,0.22628056189310464,227.6841812133789,
13,KNN k=15 | RoBERTa,0.771762147103924,0.011501120889138586,0.8206245952800675,0.8181923208282955,0.7606368034920067,0.7872707166314054,0.7977511935826722,0.025989046478748223,2.7333486080169678,
14,XGBoost 100 | FinBERT,0.7699673317314041,0.005787821996535221,0.826549489720122,0.8312898298141981,0.8013459593924905,0.7464192881809724,0.9988613239734405,0.22889399224203644,81.13979911804199,
15,KNN k=5 | RoBERTa,0.7687279524659395,0.011579429106563519,0.8167760254969929,0.8132675630056457,0.7529437957812792,0.7912620335348369,0.8406053832431754,0.07187743077723585,2.699387788772583,
16,KNN k=5 | FinBERT,0.7648269353360675,0.008034228872733156,0.8196195086295484,0.8189260734488405,0.7613691530158075,0.7694056584328287,0.8271759382859198,0.06234900294985235,3.0657999515533447,
17,KNN k=15 | FinBERT,0.7618175267977438,0.008572629565732508,0.8176755602155403,0.8182956600808484,0.7652806912070057,0.760479354239752,0.7811849085079875,0.01936738171024366,3.159169912338257,
18,XGBoost 300 | SBERT,0.7534540623809816,0.00896124080235614,0.8168790457852364,0.8263645778080877,0.8222004387862537,0.7124296272102761,1.0,0.24654593761901844,274.1939046382904,
19,RF 300 | RoBERTa,0.7527765002646349,0.006049040505207281,0.8146878854352085,0.8242688006606684,0.8251061375318693,0.7102668256042068,1.0,0.24722349973536506,94.56530356407166,
20,RF 100 | RoBERTa,0.7499010324008845,0.004431704582420748,0.8127003637101822,0.822382941665486,0.8221444005899929,0.7075790928192038,1.0,0.25009896759911554,31.55603861808777,
21,RF 300 | FinBERT,0.7437436905511633,0.0063576654002506115,0.8081774850071766,0.817771770703267,0.8078675717348724,0.7050128973046179,1.0,0.2562563094488367,105.72859621047974,
22,RF 100 | FinBERT,0.742901735661127,0.008216847778191901,0.8072909821363048,0.8170385122661827,0.8083586084082418,0.7036857064540349,1.0,0.25709826433887295,37.27612781524658,
23,XGBoost 100 | SBERT,0.7417850239212169,0.010150804118688838,0.8088760012448185,0.8193438781101985,0.8134558129039935,0.7002138270826574,1.0,0.2582149760787831,96.477694272995,
24,LR C=10.0 | TF-IDF 2g,0.7365375988308338,0.008408170625895169,0.8071878704625322,0.809807455141869,0.748200618840472,0.726892962990413,0.9926887827776743,0.25615118394684044,16.475605249404907,
25,FinBERT CLS + LR (proxy for fine-tuning),0.736326881925359,0.0028390354540719976,0.7908012433051849,0.783820872771919,0.7138942441762959,0.7720674556833705,0.8447816234254389,0.10845474150007994,6.523837327957153,
26,LR C=1.0 | TF-IDF 2g,0.7325064097230285,0.005110820681603956,0.8021154831050831,0.801529717447861,0.7309368791661994,0.7347072049176684,0.932674553105131,0.20016814338210254,1.3846099376678467,
27,LR C=1.0 | TF-IDF char,0.7281075933632617,0.0049269130585615295,0.7953775132034211,0.791470064013231,0.7160025452472742,0.7434162837163483,0.8878602414149359,0.15975264805167422,5.789449691772461,
28,KNN k=15 | SBERT,0.7276559978165508,0.011433722551281526,0.8012728852533938,0.808341157904794,0.7634007545694661,0.70360803219482,0.7758152077442564,0.048159209927705615,2.893310546875,
29,LR C=1.0 | BoW,0.7154878225454047,0.008174129032632642,0.7878299263090439,0.7857054139445394,0.7088679736919096,0.7230873277376155,0.9594865885140921,0.24399876596868741,2.4138522148132324,
30,KNN k=5 | SBERT,0.7142204884501063,0.00516956457685641,0.7872695560361251,0.7874874944129814,0.7157899967347157,0.7132250407856867,0.8170863163220078,0.10286582787190146,2.8119378089904785,
31,ComplementNB a=0.5 | TF-IDF 2g,0.7130422125354767,0.007743058847068592,0.783927751317391,0.7795244417648719,0.7004926363890955,0.7291684437668765,0.9141359908626872,0.20109377832721043,0.09313082695007324,
32,LinearSVC C=1.0 | TF-IDF 2g,0.7103590807164688,0.0071692579037500835,0.7915574786472102,0.8069796824706538,0.8045252636525617,0.6654039742726392,0.986610915677765,0.27625183496129624,1.5933036804199219,
33,LinearSVC C=1.0 | TF-IDF char,0.7006145480033424,0.006214027989122961,0.7851129801563415,0.8024733333113696,0.8081506621783887,0.6535602721377304,0.9249212430402464,0.22430669503690392,10.11151123046875,
34,MultinomialNB a=1.0 | BoW,0.6934397445563023,0.007387791927202061,0.7754034694561012,0.7784758942798813,0.7031804507204028,0.6858357704782747,0.8470124278485045,0.1535726832922022,0.08816266059875488,
35,LR C=0.1 | TF-IDF 2g,0.6917556921357584,0.00948733696724454,0.7700404794559066,0.7685223255614748,0.6897746448699061,0.696098098297969,0.8130353272844821,0.12127963514872375,0.7215108871459961,
36,LinearSVC C=0.1 | TF-IDF 2g,0.6824291678045619,0.007374676255284849,0.7719490849271888,0.7893745614121788,0.7730627591998326,0.6401881859568168,0.851521940170939,0.1690927723663771,0.844494104385376,
37,LightGBM 300 | W2V-SG,0.6376408924022774,0.013151816858943705,0.7465433469409266,0.7536395513692725,0.6531034444442402,0.627373972020782,0.9949907790453352,0.3573498866430578,31.08730149269104,
38,LightGBM 100 | W2V-SG,0.6315060629042517,0.009691022296755343,0.740593849043272,0.7425327780907607,0.6348489563070155,0.6291183207170589,0.9729022962763395,0.3413962333720878,10.620242834091187,
39,XGBoost 300 | W2V-SG,0.6207200048557306,0.007933863121142056,0.7412075380635088,0.7633861670362061,0.6881500908835734,0.5934765273512129,0.9862407159283494,0.36552071107261874,55.06812238693237,
40,"MLP (256,128) | GloVe-Twitter",0.6176694205431613,0.007011592692054968,0.7284990712055717,0.750287669683382,0.6928631230629166,0.5863235659870472,0.7800787823550641,0.1624093618119028,14.638877391815186,
41,"MLP (256,128) | W2V-SG",0.6164313635311146,0.016855851709443426,0.735588971479285,0.7517540218297307,0.6608979617093308,0.5984942248425857,0.7409682989161681,0.1245369353850535,12.219468116760254,
42,XGBoost 100 | W2V-SG,0.611791463308954,0.012173297472690523,0.73495328212807,0.758460530665182,0.6819513801827112,0.5847164105585686,0.9397233290831277,0.32793186577417377,19.238925457000732,
43,LightGBM 100 | GloVe-Twitter,0.6030450205628398,0.01090627712720426,0.7139555297769309,0.7232517161893405,0.6242440382610136,0.5891722515471401,0.8586368461672542,0.2555918256044144,10.437541484832764,
44,LightGBM 300 | GloVe-Twitter,0.6030048038592972,0.006359327616954228,0.7155555524979281,0.7281770231047241,0.6333992073665736,0.5848422697011944,0.8650770398660228,0.2620722360067256,29.657010793685913,
45,KNN k=5 | W2V-SG,0.5969827322202924,0.011426756530521942,0.7177911352935983,0.7242991105795894,0.6077915585862343,0.5888544849715767,0.7234403169253102,0.12645758470501778,5.449940204620361,
46,XGBoost 300 | GloVe-Twitter,0.5907454292078789,0.006613892409863974,0.7143523499411331,0.7447341457709427,0.6953321799028457,0.5563150378876378,0.8790337154672485,0.28828828625936964,52.325069427490234,
47,XGBoost 100 | GloVe-Twitter,0.5834716172070455,0.012252122124154587,0.7106637875308724,0.7423231344848906,0.6875142089422078,0.5503846741908485,0.8725736233232926,0.28910200611624703,25.77374815940857,
48,RF 300 | W2V-SG,0.5822894901203636,0.014150435467957568,0.7154487753809121,0.7511269030181431,0.7104872215438495,0.5494599387341809,0.999273529123595,0.41698403900323144,40.566166400909424,
49,RF 100 | W2V-SG,0.5788614217308955,0.008897340983644853,0.712987642357873,0.7481921670823299,0.6974435870570608,0.5472869382905842,0.9992734775288177,0.4204120557979222,13.591036081314087,
50,KNN k=15 | W2V-SG,0.5751322190030208,0.010839755350045426,0.7099461307765738,0.7334168503381863,0.6240616960851978,0.5539302872602863,0.6270639835124392,0.05193176450941839,5.609604835510254,
51,RF 100 | SBERT,0.5722628521481217,0.01684756517276777,0.6994167933255993,0.7463065277242411,0.8569116612124373,0.5246558466171125,1.0,0.42773714785187833,25.016626596450806,
52,LightGBM 300 | W2V-CBOW,0.5705430682054489,0.0038523414973942096,0.6986863139979285,0.7071138807348618,0.5821865510821119,0.5630984554274309,0.987760208774367,0.4172171405689181,29.327719688415527,
53,KNN k=5 | GloVe-Twitter,0.5694949468228636,0.01125419985222789,0.6943112784728095,0.7115179888270611,0.6036888411020878,0.5515800910894156,0.674652855482202,0.10515790865933838,7.06038236618042,
54,RF 300 | SBERT,0.5659926900865175,0.014329105686167952,0.6955656434806337,0.7440005578782178,0.8593923899512056,0.5193767951536561,1.0,0.43400730991348246,73.77059698104858,
55,LightGBM 100 | W2V-CBOW,0.5633726813087441,0.006070934132545221,0.6889333075193547,0.6905578562541115,0.5651426493757874,0.5626438398673967,0.95789031261023,0.394517631301486,10.090367078781128,
56,KNN k=15 | GloVe-Twitter,0.5522934161173622,0.007852355306917191,0.6899913103011899,0.7238819648295122,0.636932058260865,0.5254362326785366,0.5988568772761698,0.046563461158807606,7.117650270462036,
57,RF 100 | W2V-CBOW,0.544948871460498,0.00855538664894914,0.6912784045997735,0.7291215175166074,0.6449917511171832,0.5219358946551116,0.9992734775288177,0.4543246060683197,14.411245346069336,
58,RF 300 | W2V-CBOW,0.5444035499881296,0.007603185763290068,0.6912631021340985,0.7310079256045237,0.657199047455351,0.5205960989783829,0.999273529123595,0.45486997913546545,42.98362064361572,
59,XGBoost 300 | W2V-CBOW,0.5443986297428033,0.007116519705008611,0.6908109216005613,0.7248244275982794,0.6209806291870263,0.5239395232607907,0.9570692363127339,0.4126706065699306,52.57434129714966,
60,XGBoost 100 | W2V-CBOW,0.5394900288332867,0.0031993564954081012,0.6882364652722673,0.7243001538557842,0.6250134965696365,0.5196512950453418,0.8811270687380093,0.3416370399047226,17.966967582702637,
61,MultinomialNB a=1.0 | TF-IDF 2g,0.5390003732350344,0.01140422558290341,0.6845745012894653,0.737398651208608,0.8212919470414416,0.5063970854389785,0.6704735831257481,0.13147320989071376,0.0951228141784668,
62,KNN k=5 | W2V-CBOW,0.5387115923745646,0.011072635753364266,0.6749791593937198,0.6845829585775423,0.5503845003282201,0.5310380005349946,0.678564773219333,0.1398531808447684,3.420269012451172,
63,RF 300 | GloVe-Twitter,0.5224588991043888,0.008811552016544625,0.6671762617049914,0.7094205644014395,0.6388299512809554,0.4962308391979263,0.8677518105375741,0.3452929114331853,32.3411922454834,
64,RF 100 | GloVe-Twitter,0.5188887123216916,0.004858625842990783,0.665028126963749,0.7071151436481502,0.6297753444328245,0.49374549262008693,0.8672401868058202,0.3483514744841285,10.317898988723755,
65,KNN k=15 | W2V-CBOW,0.5172241030351966,0.012054241025659518,0.673858378373797,0.7090008379155122,0.5750385767803768,0.5027417501157132,0.5718615018507354,0.05463739881553875,3.394810438156128,
66,"MLP (256,128) | W2V-CBOW",0.5167722396497803,0.023887731573283277,0.6742720886499589,0.7129845606105032,0.5939298069528416,0.5045140138881204,0.5749753321948768,0.05820309254509659,10.777554273605347,
67,Stratified Baseline,0.3301249398976115,0.008795790026121431,0.4820168218846123,0.4815061174421503,0.33008776008629137,0.3301831862403641,0.33656029391129666,0.006435354013685168,0.08365178108215332,
68,Majority Baseline,0.26198502370911647,2.2236395774484385e-05,0.5088159187660498,0.6473854949466996,0.21579516498223322,0.3333333333333333,0.26198503020541136,6.496294890911969e-09,0.07813215255737305,
69,GPT-2 Decoder (few-shot),0.2551440329218107,0.0,0.2551440329218107,0.2551440329218107,0.2551440329218107,0.2551440329218107,0.2551440329218107,0.0,0.0,150 val samples
